,Cod. Prod,Nome,Margem,Pr. Venda
0,f1607213,BATATA PALHA EXTRA FINA 15 X 250G,50,10.2
1,f3502,BATATA PALHA 250G,50,10.2
2,f3756,BATATA PALHA 80G,50,3.99
3,f3501,CANUDOS PARA RECHEAR,50,11.99
4,f72225,MASSA LASANHA 500G,50,8.5
5,f7073,MASSA PASTEL DISCO 200G,50,3.99
6,f72226,MASSA PASTEL DISCO 400G,50,6.2
7,f3493,MASSA PASTEL DISCO 500G,50,7.99
8,f3755,MASSA PASTEL ROLO 1KG,50,11.2
9,f10142,NHOQUE DE BATATA 500G,40,8.2
10,f4078,MASSA PASTEL ROLO 500G,50,7.2
11,f3768,PALITO DE POLVILHO 20X80G,50,5.2
12,f0511211,ROSCA DE POLVILHO 20X80G,50,5.2
13,f4554,MASSA PIZZA 160G,50,5.50
14,f0701221,TALHARIM AMABENE 300G 15X300G,50,8.99
0,f173916,GUARANA CHP ANTARCTICA PET 2L CAIXA C/6,50,8.2
1,f2950,RED BULL BR LATA 250ML SIX PACK NPAL .,50,9.99
2,f2408211,GATORADE UVA PET 500ML SIXPACK,50,4.99
3,f3752,SUKITA PET 2L CAIXA C/6,50,5.99
4,f72347,PEPSI COLA PET 600ML CX12 NPAL,50,4.2
5,f6804,PEPSI COLA PET 200ML SH C/12,50,1.5
6,f10093,GUARANA CHP ANTARCTICA PET 600ML CX12 NPAL,50,4.2
7,f3754,GUARANA CHP ANTARCTICA PET 200ML SH C/12,50,1.5
8,f2126,GATORADE TANGERINA PET 500ML SIXPACK,50,4.99
9,f3751,GUARANA CHP ANTARCTICA GFA VD 1L,20,3.5
10,f61,H2OH LIMAO C/GAS PET 500ML CAIXA C/12,50,3.99
11,f2101225,RED BULL BR LATA 355ML FOUR PACK .,50,11.99
0,f173916,GUARANA CHP ANTARCTICA PET 2L CAIXA C/6,50,8.2
1,f2950,RED BULL BR LATA 250ML SIX PACK NPAL .,50,9.99
2,f2408211,GATORADE UVA PET 500ML SIXPACK,50,4.99
3,f3752,SUKITA PET 2L CAIXA C/6,50,5.99
4,f72347,PEPSI COLA PET 600ML CX12 NPAL,50,4.2
5,f6804,PEPSI COLA PET 200ML SH C/12,50,1.5
6,f10093,GUARANA CHP ANTARCTICA PET 600ML CX12 NPAL,50,4.2
7,f3754,GUARANA CHP ANTARCTICA PET 200ML SH C/12,50,1.5
8,f2126,GATORADE TANGERINA PET 500ML SIXPACK,50,4.99
9,f3751,GUARANA CHP ANTARCTICA GFA VD 1L,20,3.5
10,f61,H2OH LIMAO C/GAS PET 500ML CAIXA C/12,50,3.99
11,f2101225,RED BULL BR LATA 355ML FOUR PACK .,50,11.99
0,f3056,CHOC MMS MINI TUBO 12X30G MMS,50,3.99
1,f3680,CHOC MMS AMENDOIM 18X45G,50,4.2
2,f72650,CHOC MMS CRISPY 18X35G,50,4.2
3,f72213,ACUCAR CRISTAL CARAVELAS 10X1KG,50,5.99
4,f7647,AGUA DE COCO KEROCOCO 27X200 ML,50,2.99
5,f6816,CR DENT SORRISO LIMPEZA COMPL L12P9 70G,50,2.99
6,f1636,AMAC ROUPA CONC DOWNY BRISA VERAO 12X500,50,11.99
7,f1384,FILTRO PAPEL 3CORACOES 103 C/30 40X1,50,4.5
8,f4159,"099 AGUA DE COCO.TP.CX.SOCOCO.......24X200ML %AGR:  00,0000 BASE ST: *********33,50 VALOR ST: **********6,03",50,2.99
9,f2553,001 FLOCOCO.UN.SOCOCO................01X100G SOCOCO,50,7.99
10,f544,001 COCO RALADO.UN.SOCOCO.............01X50G SOCOCO,50,4.2
11,f0812211,"099 MULTI USO.UN.UAU FLORAL..........1X500ML %AGR:  00,0000 BASE ST: **********5,43 VALOR ST: **********0,98",50,4.99
12,f0812212,"099 MULTI USO.UN.UAU.ROSAS.E.SEDUC...1X500ML %AGR:  00,0000 BASE ST: **********5,43 VALOR ST: **********0,98",50,4.99
13,f0812213,"099 LIMP.PESADA.UN.PER ROS E SEDUC...1X500ML %AGR:  00,0000 BASE ST: **********7,14 VALOR ST: **********1,29",50,6.2
14,f5495,"099 PERFUME.UN.UAU LAVANDA E CONFOR..1X500ML %AGR:  00,0000 BASE ST: **********7,52 VALOR ST: **********1,35",50,5.20
15,f140624,000 BISC.UN.TORTUGUITA CHOC BAUNILHA..1X130G BAGLEY,50,2.5
16,f140924,000 BISC.UN.TORTUGUITA MORANGO........1X130G BAGLEY,50,2.5
17,f1584,"099 AGUA DE COCO.CX.MAIS COCO.........12X1LT %AGR:  00,0000 BASE ST: *********53,81 VALOR ST: **********9,69",50,8.99
18,f1709,"099 SUFRESH TP CX UVA BEBIDA.........12X01LT %AGR:  00,0000 BASE ST: *********37,99 VALOR ST: **********6,08",50,7.5
19,f125513,"099 BATATA PALHA.UN.EXTRA FINA........1X100G %AGR:  47,7600 BASE ST: *********49,05 VALOR ST: **********2,85",50,8.99
20,f121424,000 BISC.UN.TORTUGUITA CHOCOLATE......1X130G BAGLEY,50,2.5
21,f541,"099 LEITE DE COCO.VD.UN.SOCOCO......01X200ML %AGR:  00,0000 BASE ST: *********18,90 VALOR ST: **********3,40",50,6.5
22,f3204,"099 AGUA DE COCO.CX.SOCOCO............12X1LT %AGR:  00,0000 BASE ST: *********65,83 VALOR ST: *********11,85",50,10.5
23,f72221,"099 SUFRESH TP CX MORANGO BEBIDA.....12X01LT %AGR:  00,0000 BASE ST: *********37,99 VALOR ST: **********6,08",50,6.99
24,f72276,"099 SUFRESH TP CX MARACUJA BEBIDA....12X01LT %AGR:  00,0000 BASE ST: *********37,99 VALOR ST: **********6,08",50,6.99
25,f3951,000 TURRON DP.MANY................01X50X25GR ARCOR,50,1.2
26,f2312211,"099 BATATA PALHA UN.TRADICIONAL.......1X105G %AGR:  47,7600 BASE ST: *********49,05 VALOR ST: **********2,85",50,8.99
27,f72790,"099 TORT.DP.LEITE...................24X15.5G %AGR:  00,0000 BASE ST: *********11,50 VALOR ST: **********2,07",50,1.5
28,f0311211,"099 TORT.DP.BRIGADEIRO..............24X15.5G %AGR:  00,0000 BASE ST: *********11,50 VALOR ST: **********2,07",50,1.5
29,f6157,"099 6168  UN.ESC.P.UNHA................01X01 %AGR:  00,0000 BASE ST: *********10,32 VALOR ST: **********1,86",50,5.2
30,f1409211,001 MILHO VERDE.CX.ETTI LATA.........24X170G CAJAMAR,50,2.99
31,f141424,001 CREME CHANTILLY.UN.FLEISCH.........01X1L FLEISCHMANN,50,25.20
32,f0311211,000 BISC.UN.TORTUGUITA BRIGADEIRO.....1X130G BAGLEY,50,2.5
33,f3531,001 CREME CHANTILLY.UN.FLEISCH......01X200ML FLEISCHMANN,50,5.99
34,f2224,001 COCO RALADO.UN.SOCOCO............01X100G SOCOCO,50,6.99
35,f134405,"099 PERFUME.UN.UAU FLORES VERM SEDU..1X500ML %AGR:  00,0000 BASE ST: *********11,28 VALOR ST: **********2,03",50,4.99
36,f3011,"099 PERFUME.UN.UAU REQUINTE..........1X500ML %AGR:  00,0000 BASE ST: **********7,52 VALOR ST: **********1,35",50,4.99
37,f2710211,001 PILHA ALC POWER AA C4 (LR6XABL4P3)..1X04 PANASONIC,50,11.99
38,f3011211,001 PILHA ALC POWER AAA C4(LR03XABL4P3).1X04 PANASONIC,50,13.5
39,f3011212,001 PILHA ALC.POWER AA C2(LR6XAB 2B)....1X02 PANASONIC,50,6.99
40,f1105211,"099 BATATA PALHA UN.TRADICIONAL........1X70G %AGR:  47,7600 BASE ST: *********37,76 VALOR ST: **********2,20",50,5.5
41,f1600,"099 POP.MICRO UN.MANTEIGA............01X100G %AGR:  41,3500 BASE ST: *********18,74 VALOR ST: **********0,99",50,5.5
42,f4177,001 CH.DP.PLUTONITA BABA DE BRUXA....01X200G ARCOR,50,8.5
43,f4176,001 CH.DP.PLUTONITA CAB.ABOBORA......01X200G ARCOR,50,8.5
44,f4175,001 CH.DP.PLUTONITA LINGUA ACIDA.....01X180G ARCOR,50,8.5
45,f1873,"099 SUFRESH TP CX MACA BEBIDA........12X01LT %AGR:  00,0000 BASE ST: *********37,99 VALOR ST: **********6,08",50,7.99
46,f1602,"099 POP.MICRO UN.COBERT CARAMELO.....01X160G %AGR:  41,3500 BASE ST: *********48,05 VALOR ST: **********2,53",50,8.99
47,f174120,001 CH.DP.TORTUGUITA HUEVITOS.........1X300G ARCOR,50,2.2
48,f72119,001 FERMENTO DP.FLE.INST.PROMOC...1X16X125GR FLEISCHMANN,50,7.99
49,f025989,001 BL.B.TOFFE UN.LEITE...............1X500G ARCOR,50,19.5
50,f3006217,001 CH.DP.TOPLINE GUARANA............1X20X6G ARCOR,50,0.99
51,f578475,001 PIR.PCT.7BELO.FRAMBOESA..........01X600G ARCOR,50,13.5
52,f2899,"099 POP.MICRO UN.C SAL...............01X100G %AGR:  41,3500 BASE ST: *********41,89 VALOR ST: **********2,21",50,5.99
53,f8019,"099 POP.MICRO UN.MANT.CINEMA.........01X100G %AGR:  41,3500 BASE ST: *********41,89 VALOR ST: **********2,21",50,5.99
54,f1409212,001 CH.DP.POOSH 7BELO ................1X200G ARCOR,50,6.99
55,f0308213,001 CH.DP.POOSH HORTELA...............1X200G ARCOR,50,6.99
56,f3006213,001 CH.DP.POOSH TUTTI FRUTTI..........1X200G ARCOR,50,6.99
57,f4163,001 BL.UN.7BELO FRAMBOESA.............1X600G ARCOR,50,13.5
58,f02689,"099 BL.B.TOFFE UN.CHOCOLATE...........1X500G %AGR:  00,0000 BASE ST: **********7,81 VALOR ST: **********1,41",50,19.99
59,f0902221,001 V35   CX.VASSOURA VARRE FACIL......12X01 CONDOR,50,10.5
60,f0902222,"099 NECTAR.UN.MARACUJA SHEFA...........1X1LT %AGR:  00,0000 BASE ST: *********16,08 VALOR ST: **********2,89",50,5.99
61,f0902223,"099 NECTAR.UN.ABACAXI SHEFA............1X1LT %AGR:  00,0000 BASE ST: *********16,08 VALOR ST: **********2,89",50,5.99
62,f0902224,"099 BEBIDA FRUTA.UN.PESSEGO SHEFA......1X1LT %AGR:  00,0000 BASE ST: *********15,66 VALOR ST: **********2,82",50,5.99
63,f0902225,"099 TORT.CX.7BELO.FRAMBOESA.........24X15.5G %AGR:  00,0000 BASE ST: *********11,38 VALOR ST: **********2,05",50,1.5
0,f2623,AJAX FRESH LIMP PESADA 500ML*,50,8.99
1,f1436,AJI-SAL CHURRASCO 500G (24),50,8.2
2,f1612212,DOCIGOMA MINI EUCALIPTO 60G,50,1.99
3,f4503,MID REFRESCO ABACAXI 15X20G (8),50,1.2
4,f4374,MID REFRESCO CAJU 15X20G,50,1.2
5,f5114,MID REFRESCO GOIABA 15X20G (8),50,1.2
6,f5214,MID REFRESCO GRAVIOLA 15X20G (8),50,1.2
7,f6145,MID REFRESCO GROSELHA 15X20G (8),50,1.2
8,f7243,MID REFRESCO GUARANA 15X20G (8),50,1.2
9,f5213,MID REFRESCO JABUTICABA 15X20G (8),50,1.2
10,f4504,MID REFRESCO LARANJA 15X20G (8),50,1.2
11,f6144,MID REFRESCO LIMONADA SUICA 15X20G (8),50,1.2
12,f5171,MID REFRESCO MANGA 15X20G (8),50,1.2
13,f4693,MID REFRESCO MORANGO 15X20G (8),50,1.2
14,f4501,MID REFRESCO UVA 15X20G (8),50,1.2
15,f274,SABOR AMI ALHO E SAL 300G (24),50,4.99
16,f276,SABOR AMI S/PIMENTA 300G (24),50,4.99
17,f1435,SAZON VERMELHO 60G P/CARNES (48),50,5.2
18,f3239,SOPA VONO BATATA C/CARNE DESFIADA 23X18G (4),50,2.99
19,f3748,SOPA VONO MANDIOQUINHA C/CEBOLA E SALSA 23X17G (4),50,2.99
20,f4115,SOPA VONO MILHO C/FRANGO 23X18G (4),50,2.99
21,f3018,AJAX FRESH LIMP PESADA BLUE 500ML,50,8.99
22,f4952,AJAX FRESH LIMP PESADA LEMON 500ML*,50,8.99
23,f353,CD COLG MPA 50G,50,2.99
24,f6806,ESC DT COLG ESSENCIAL CLEAN MC,50,4.20
25,f5101,MID REFRESCO BAUNILHA COM LIMAO 15X20G (8),50,1.20
26,f4375,MID REFRESCO LARANJA DOCE 15X20G (8),50,1.20
27,f4500,MID REFRESCO LIMAO 15X20G (8),50,1.20
28,f4502,MID REFRESCO MARACUJA 15X20G,50,1.20
29,f5157,MID REFRESCO MELANCIA 15X20G (8),50,1.20
30,f4188,PINHO SOL LIQ LAVANDA 500ML,50,6.20
31,f280,SABOR AMI C/PIMENTA 300G (24),50,4.99
32,f2035,SAZON AMARELO 60G P/LEGUMES (48),50,5.20
33,f2036,SAZON LARANJA 60G P/MASSAS (48),50,5.20
34,f4377,SAZON TOQUE DE LIMAO 60G P/AVES/PEIXES/SUINA (48),50,5.20
35,f2900,SAZON VERDE 60G P/FRANGO (48),50,5.20
0,f3510,LIMPADOR CONC.COALA CITRONELA,50,13.5
1,f1347,SACO LIXO LIMPS 100L,50,2.99
2,f85,BISC.CRACKER AGUIA SALT,50,5.20
3,f2215,GOIABADA DIVINA MESA BLOCO,50,3.5
4,f164023,NOZES S/CASCA INTEIRAS JANDIRA,50,13.99
5,f4372,SACO LIXO LIMPS 30L,50,2.5
6,f550,AROMA ARTIF.BAUNILHA CEPERA,50,4.99
7,f3193,FUMO FLOR/LEAO DO NORTE PRETO EXTRA ESP.,50,4.5
8,f3193,PALHA P/CIG.ESP.PRINCESA,50,1.99
9,f6818,SACO ALG.ALVEJADO LAVADO LIMPS 40X65CM,50,8.99
10,f5810,P.H.CLASSY DOUBLE FOLHA DUPLA NT.(16X4),50,6.99
11,f155823,P.H.CLASSY DOUBLE FOLHA DUPLA NT.LV+ PG-,50,18.99
12,f335,ESPONJA P/L ESFREBOM L12P10,50,1.5
13,f2709,VINAGRE DIVINA MESA DE ALCOOL,50,2.2
14,f5773,CERA LIQ.BRILHO FACIL AMARELA,50,11.5
15,f9013,PANETONE DIVINA MESA TRUFADO CHOC.,50,17.99
16,f2085,PANETONE DIVINA MESA CHOCOLATE,50,10.99
17,f2084,PANETONE DIVINA MESA FRUTAS,50,10.99
18,f1212211,LAMP.FOXLUX LED 9W 6500K CERTIF.BIV.,50,8.99
19,f1212212,LAMP.FOXLUX LED 12W 6500K CERTIF.BIV.,50,14.2
20,f4702,LAMP.EMPALUX HALOG.CLASSICA 100WX127V,50,6.99
21,f396541,BOLO D.BENTA CHOCOLATE,50,6.5
22,f161523,PEPINO TAUA SUAVE (HEMMER),50,9.99
23,f159846,TORRADA ISABELA TRAD.,50,3.5
24,f698412,LIMPADOR CONC.COALA FLORAL,50,13.5
25,f1212213,SAB.LIQ.PREMISSE DEO.MIX DE FRUTAS C/V,50,11.50
26,f3816,CERA LIQ.BRILHO FACIL INCOLOR,50,12.5
27,f175,CHOC..NESTLE CHARGE,50,2.2
28,f0369899,CHOC.TRENTO DARK 55% CACAU,50,1.99
29,f72258,CHOC.TRENTO CHOC.BRANCO DARK,50,1.99
30,f72541,CHOC.TRENTO ALLEGRO CHOC.DARK C\AMENDOIM,50,2.2
31,f3159,SABAO PED.YPE COCO TOQ.AVEIA INDIVIDUAL,50,3.99
32,f2604,LIMPADOR DESENG.COZINHA QBOA,50,6.5
33,fGENERICO,FILME PVC TECFILM 380L X 11 MICRAS,50,90.5
34,f303,ESPONJA LA DE ACO BOMBRIL 60GR L16P14,50,2.5
35,f655,GUARDANAPO DIVINA MESA 19CMX20 CM,50,1.5
36,f651,GUARDANAPO SNOB PQ GNB23 24X22CM,50,1.99
37,f462,P.H.CLASSY MAXXI 60 MT FS. NEUTRO (16X4),50,6.5
38,f5113,AM.BABY SOFT TOQUE CARINHO AZUL,50,7.2
39,f551,MASSA GALO NINHO 2 SEMOLA,50,4.99
40,f3705,"PAPEL MANTEIGA WYDA 29CMX7,5M",50,7.5
41,f2464,PEPINO DIVINA MESA 300G,50,8.99
42,f263,FAROFA PRONTA PINDUCA DE MANDIOCA,50,7.5
43,f6178,PASTA CRISTAL ROSA UFE,50,5.5
44,f1148,FEIJAO PRETO PE VERMELHO T-1,50,9.99
45,f2717,ESPETINHO MAD.PARANA 25CM 50UN,50,3.99
46,f1146,ARROZ TIO JOAO BRANCO,50,7.99
47,f368541,FAR.DE MAND.PINDUCA BRANCA 500GR,50,3.5
48,f3698521,FAR.DE MAND.PINDUCA TORRADA 500GR,50,3.5
49,f1958,FAR.DE MILHO SINHA FLOCAO,50,3.2
50,f2389,AGUA SANIT.QBOA,50,7.5
51,f5742,ESPONJA P/L LIMPS UNITARIA,50,0.99
52,f580,MASSA GALO ESPAG.8 SEMOLA,50,4.5
53,f72813,DESINF.LIMPS MARINE,50,2.5
54,f6124,ACUCAR MASCAVO DOCE BRASIL,50,10.5
55,f5425,CATCHUP DIVINA MESA BISNAGA,50,2.99
56,f395421,BOLO D.BENTA CENOURA,50,5.99
57,f1124,BOLO D.BENTA LARANJA,50,5.99
58,f2460,BOLO D.BENTA FUBA,50,5.99
59,f2462,BOLO D.BENTA COCO,50,5.99
60,f02223,CHOC.TRENTO AVELAS 38% CACAU,50,1.99
61,f72257,CHOC.TRENTO CHOCOLATE 38% CACAU,50,1.99
62,f0406211,CHOC.TRENTO TORTA DE MACA,50,1.99
63,f72541,CHOC.TRENTO ALLEGRO CHOCO AMENDOIM 38%,50,2.2
64,f72258,CHOC.TRENTO DUO CHOC./CHOC.BCO,50,1.99
65,f866,FUMO CAICARA PRETO,50,4.20
66,f72569,SAL MARINHO DIVINA MESA,50,1.99
67,f2040,OVO CODORNA DIVINA MESA TRAD,50,17.5
68,f4598,AZEITONA VALE FERTIL C/C SACHE,50,3.2
69,f1661,QUEROSENE PETRUS (QUEROSENE),50,14.99
70,f2531,PREND.P/ROUPA MAD.LIMPS,50,2.2
71,f2512212,FOSF.FIAT LUX COZINHA 200 PALITOS,50,3.5
72,f72305,VELA PETALAS VOTIVA SANTO 230GR,50,9.99
73,f5494,"FOSF.PARANA GIGANTE ECO 9,5CM 50 PALITOS",50,2.5
74,f2512213,VELA PETALAS VOTIVA 230GR,50,9.5
75,f328,FOSF.PARANA CX.MADEIRA ECO 40 PALITOS,50,3.5
76,f3735,LUVA LATEX FORRADA (AM) SANRO TOP P,50,10.5
77,f4727,SACO LIXO LIMPS REFORCADO 50L,50,5.5
78,f4316,DESOD.SAN.PEDRA LIMPS FLORAL,50,1.99
79,f6009,DESOD.SAN.PEDRA LIMPS LAVANDA,50,2.20
80,f2312216,MASSA INST.DIVINA MESA CARNE,50,1.2
81,f2512211,FAR.P/QUIBE LUZAGO,50,4.5
82,f2475,PAPEL ALUMINIO DIVINA MESA 45X4M,50,5.20
83,f547,CR.DE LEITE PIRACANJUBA UHT,50,4.50
84,f2633,ALGODAO COTTONBABY CAIXA BRANCO,50,2.99
85,f4550,AMIDO DE MILHO MAIZENA,50,4.5
86,f2269,MASSA DIVINA MESA CAS.BANDEJA N3,50,4.5
87,f2602,SAL P/CHURRASCO DIANA,50,3.2
88,f2812211,MOLHO DE ALHO DIVINA MESA PET,50,4.2
89,f1336,"TOALHA DE PAPEL DIVINA MESA 50FL 20,5X19",50,4.2
90,f72738,CREME DE TRAT.SKALA #MAIS CACHOS,50,8.5
91,f5189,CREME DE TRAT.SKALA #MAIS LISOS,50,8.5
92,f3059,CREME DE TRAT.SKALA BABOSA,50,8.5
93,f2653,CREME DE TRAT.SKALA CERAMIDAS G3,50,8.5
94,f7145,CREME DE TRAT.SKALA DIVINO POTAO,50,8.5
95,f0807218,CREME DE TRAT.SKALA DIVINO POTINHO KIDS,50,8.5
96,f02255,CHOC.TRENTO ALLEGRO CHOC.BCO C\AMENDOIM,50,2.2
97,f3550,AP.B.BIC COMFORT F WOMEN DEPILAR,50,2.99
98,f3588,AP.B.BIC COMFORT 2 P.NORMAL (AZUL),50,2.5
99,f4280,MOLHO SHOYU DIVINA MESA PET,50,3.99
100,f16.1715,INSET.REFIL PAST.MAT INSET TRAD.L12P10,50,2.99
101,f811,CORANTE GUARANI N.31 PRETO (TINGECOR),50,3.99
102,f0209217,TOALHA UMED.BABY FREE,50,3.99
103,f4313,MASSA INST.DIVINA MESA GAL.CAIPIRA,50,1.2
104,f2321,CHA MATTE LEAO ORIGINAL 25 SAQ.,50,4.99
105,f973,FAR.DE TRIGO ESP.SOL (1KG),50,4.99
106,f74,AGUA SANIT.QBOA,50,3.99
107,f134330,PAO DE MEL DIVINA MESA COB.CHOCOLATE,50,2.5
108,f1166,AP.B.BIC COMFORT 3 ADV.SENSIVEL (VERDE),50,4.5
109,f2074,AP.B.BIC COMFORT 3 ADVANCE (AZUL),50,4.5
110,f2821,AP.B.BIC COMFORT 3 BLACK NIGHT,50,4.5
111,f201910,AP.B.BIC DEPILADOR SOLEIL ROSA 3 LAMINAS,50,4.99
112,f5134,GOMA AMERICANA DORI FRUTAS SORTIDAS TUBO,50,0.99
113,f72357,CHOC.TRENTO MOUSSE DE MARACUJA,50,1.99
114,f2764,FEIJOADA ODERICH,50,8.99
115,f865,FAR.DE MILHO C.LARGO AMARELA,50,7.99
116,f479,CERA PASTA CANARIO INCOLOR,50,19.2
117,f3698,SC BEL 99 POTE(NR.ONU-1823). (HIDROX SOD),50,23.99
118,f2221,FEIJAO CARIOCA PE VERMELHO T-1,50,9.99
119,f2511212,DESINF.LIMPS TALCO,50,2.5
120,f99966,SAPOLIO CREMOSO RADIUM CLASSICO,50,7.2
121,f2434,SAPOLIO CREMOSO RADIUM CLORO,50,7.2
122,f3116,MOSTARDA DIVINA MESA BISNAGA,50,2.99
123,fgenerico,DIFUSOR DE AROMAS COALA LAVANDA,50,13.99
124,f828,QUIRERINHA CAMPO LARGO,50,4.2
125,f642,MOLHO DE T.QUERO SACHE TRAD REF (1280),50,1.99
126,f2092,EXT.T.ELEFANTE 130GR,50,3.2
127,f12458895,AGUA SANIT.DA ILHA,50,7.5
128,f12366,"PAPEL ALUMINIO DIVINA MESA 45X7,5",50,7.5
129,f161,ABS.SYM ABAS C.SUAVE ROXO (ARA18),50,3.99
130,f354,ABS.SYM ABAS NOITE E DIA AZUL (ANA18),50,5.2
131,f162,ABS.SYM ABAS C.SECA LARANJA(ASA18),50,3.99
132,f2325,ABS.SYM ABAS C.SUAVE GIRL (AGA18),50,3.99
133,f5145,REMOVEDOR DE ESMALTE FARMAX (PROPANONA),50,4.2
134,f388,HASTES FLEX.COTTONBABY CARTUCHO,50,2.5
135,f2270,DROPS PASTILHA GAROTO HORTELA,50,0.99
136,f3510,LIMPADOR CONC.COALA CITRIODORA,50,13.5
137,f2631,ISQUEIRO BIC MINI L4P3 (NR.ONU-1057),50,2.99
138,f1088,COLA THREE BOND SUPER SM.,50,1.99
139,f197,COLA S.BONDER ORIGINAL,50,6.99
140,f580,MASSA GALO ESPAG.8 SEMOLA,50,8.99
141,f30,DETER.LIQ.YPE CLEAR,50,3.2
142,f443,DETER.LIQ.YPE NEUTRO,50,3.2
143,f1348,SACO LIXO LIMPS 50L,50,2.99
144,f3369,LUVA LATEX FORRADA (AM) SANRO TOP M,50,10.5
145,f6356,MAIONESE DIVINA MESA BISNAGA,50,2.99
146,f5447,ESPONJA ACO INOX LIMPS 8G,50,2.5
147,f7086,TORRADA ISABELA MULTIGRAOS,50,3.99
148,f72271,TORRADA ISABELA INTEGRAL,50,3.99
149,f210120221,BISC.ORQUIDEA TORTISSIMAS LIMAO,50,1.99
150,f2101222,BISC.ORQUIDEA TORTISSIMAS CHOCOLATE,50,1.99
151,f1271,MAIONESE QUERO SACHE,50,2.2
152,f72594,MAIONESE QUERO POTE,50,6.99
153,f7298,MAIONESE LIZA TRAD.PET,50,5.99
154,f2008211,SAB.LIQ.PREMISSE CLASSIC ECO BLUE C/V,50,10.99
155,f7664,INSET.AERO.MAT INSET MULTI INSET GTS 33%,50,9.99
156,f4368,INSET.AERO.MAT INSET SEM CHEIRO GTS 33%,50,9.99
157,fgenerico,LUVA PLASTICA (CRISTAL) INOVEN (BUFFET),50,2.99
158,f5564,AM.BABY SOFT TOQUE CUIDADO BRANCO,50,7.2
159,f7747,AM.BABY SOFT TOQUE MACIEZ ROSA,50,7.2
160,f2601221,AROMA ARTIF.BAUNILHA MAVALERIO,50,3.5
161,f2601224,CAFE NESCAFE TRADICAO FORTE L300P250G LT,50,19.99
162,f2601223,BISC.ORQUIDEA TORTISSIMAS MORANGO,50,1.99
163,f2601222,BISC.ORQUIDEA TORTISSIMAS CHOC+LEITE,50,1.99
164,f5440,GELADINHO AMERICANO SORTIDO,50,8.99
165,f4369,INSET.ESPIRAL BOA NOITE ORIGINAL (CAIXA),50,2.99
166,f1338,COPO P.DIVINA MESA 180ML BCO.INMETRO,50,6.99
167,f72236,MILHO VERDE QUERO LT.,50,3.5
168,fgenerico,MASCARA DESC.NAYR TRIPLA C/50,50,29.5
169,f4352,INSET.AP.PAST.MAT INSET BI.+4 REFIL,50,18.5
170,f451,DETER.LIQ.YPE COCO,50,3.2
171,f8024,LIMPADOR PERF.CASA&PF.BELA FLORE (VERDE),50,5.99
172,f72583,ALCOOL GEL LIMPS 70 GL (NR.ONU-117),50,9.99
173,f7501,MASSA D.BENTA LASANHA DIR.FORNO TRADIC.,50,3.2
174,f2991,SAL REFINADO DIANA,50,2.99
175,f03156,AP.B.PRESTOB.ULTRAGRIP AZUL,50,3.5
176,f2150,PALITO DIVINA MESA (BAMBU),50,0.99
177,f1202222,LUSTRA MOVEIS LIMPS LAVANDA,50,4.5
178,f1202223,LUSTRA MOVEIS LIMPS FLORAL,50,4.5
179,f6008,DESOD.SAN.PEDRA LIMPS EUCALIPTO,50,2.2
180,f5025,AM.BABY SOFT TOQUE SEDUTOR LILAS,50,7.2
181,f1310,MASSA INST.DIVINA MESA GALINHA,50,1.2
182,f7616,VELA IGUACU N.3 17GR,50,4.5
183,f2063,LEITE COND.PIRACANJUBA SEMIDESNATADO TP.,50,5.99
184,f2582,CR.D.COLGATE MPA ANTI-CARIE (90GR),50,4.99
185,f7497,ACUCAR DEMERARA CARAVELAS NATURAL,50,7.2
186,f2110211,TENYS PE BARUEL TALCO P\PES WOMAN (FEM.),50,9.5
187,f2318,CHA MATTE LEAO (GRANEL),50,9.5
188,f467,P.H.CLASSY PLUS FS.NEUTRO (16X4),50,3.5
189,f155918,COADOR CAFE GALITOS PEQ.FLANELA CABO MAD,50,3.99
190,f2178,ERVA MATE REGINA,50,8.99
191,f144,FERMENTO ROYAL QMCO PO PT L12P11,50,2.99
192,f3167,"GUARDANAPO DIVINA MESA 28CMX32,5CM",50,2.99
193,f1602225,DIFUSOR DE AROMAS COALA ESPECIARIAS,50,14.2
194,f1605222,DIFUSOR DE AROMAS COALA MANGA,50,14.2
195,f4389,CAFE MELITTA TRADICIONAL VACUO 250GR,50,12.5
196,f8016,SAB.LIQ.PREMISSE CLASSIC E.DOCE SOFT C/V,50,11.99
197,f5283,PAPEL CELOF.WYDA ROLO 5MX45CM,50,11.99
198,f2585,FOSF.PINHEIRO CX MADEIRA 40 PALITOS,50,4.2
199,f59463,FERMENTO D.BENTA FERMIX BIO INST ENV,50,0.99
200,f817,ARROZ BURITI PARBOILIZADO T-1,50,25.2
201,f8026,LIMPADOR PERF.CASA&PF.MIST.DI AMORE,50,5.99
0,f2360,STEAK FGO EMP CONG IWP 100G PD,50,2.20
1,f883,HBV020 HAMBURGUER AVEBOV PERD,50,1.20
2,f7806,LASANHA BOLONHESA SADIA 600G,50,9.99
3,f2701221,LASANHA CALABRESA SADIA 600G,50,10.50
4,f7854,STEAK FGO EMP CONG IWP 100G SD,50,1.99
5,f0009,MORTADELA DEFUMADA OURO PERDIGAO,84,28.99
6,f2345,"PATE DE PRESUNTO RESFRIADO SADIA 2,5KG",50,4.20
0,f2074,BIC-APAR DE BARBEAR COMFORT 3 ACT NORMAL C/12 UNDS,50,4.99
1,f3550,BIC-APAR DEPILACAO COMFORT 2 WOMEN 6X2 UNDS,50,2.99
2,f201910,BIC-APAR DEPILACAO SOLEIL 12X1 UNDS LEV12 PAG10,50,4.2
3,f101011,SCB-PANO MULTIUSO SCOTCH BRITE AZUL C/05,50,10.2
4,f5916,RAY-PILHA ALCALINA AAA C/02 UNDS,50,7.99
5,f6191,RAY-PILHA ALCALINA AA C/02 UNDS,50,6.99
6,f6193,RAY-PILHA DE ZINCO AA C/04 UNDS,50,6.20
7,f55889,RAY-PILHA DE ZINCO AAA C/04 UNDS,50,6.99
8,f6192,RAY-PILHA ELET ALCALINA TAM V23GA A23 C/05 UNDS,50,6.5
9,f7280,RAY-LAMPADA DE LED 9W LUZ BRANCA,50,13.2
10,f2631,BIC-ISQUEIRO A GAS MINI J5 LV04/PG03,50,2.99
11,f2135,BIC-ISQUEIRO A GAS MAXI J6 C/12 UND,50,4.5
12,f7693,FINI DENTADURAS DP 12X15 G,50,1.2
13,fGENERICO,PVM-MENTOS P.FRESH MONOPECA MINT/WTGREEN DP 90G,50,0.5
14,f203,PVM-MENTOS STICK FRUTAS DP 14X16 UNDS,50,2.2
15,f202,PVM-MENTOS STICK MORANGO/YOGURT DP 14X16 UNDS,50,2.2
16,f204,PVM-MENTOS STICK RAINBOW DP 14X16 UNDS,50,2.2
17,f5571,PVM-MENTOS STICK TUTTI-FRUTTI DP 14X16 UNDS,50,2.2
18,f112325,FINI MINHOCAS DP 12X15 G,50,1.2
19,f1512211,CHICLE SALADA DE FRUTAS DP 18X14 G,50,1.2
20,f1810211,HER-CHOCOTUBES AO LEITE DP 18X25G,50,2.2
21,f9291,FER-NUTELLA B-READY 1X36 UNDS,50,4.2
22,f2021,FER-KINDER CHOCOLATE 1X24 UNDS,50,2.5
23,f72560,FER-KINDER OVO MENINOS 1X12 UNDS,50,8.99
24,f2726,FER-KINDER JOY 1X16 UNDS,50,9.5
25,f2012122,"CPL-SUCO C. LARGO PESSEGO 1,35L",50,14.99
26,f7719,TDC-ROSQUINHA TODESCHINI COCO 400 GR,50,5.99
27,f7647,PPS-AGUA DE COCO KERO COCO-TP-200 ML,50,2.99
28,f2012212,PPS-AGUA DE COCO KERO COCO-TP-330 ML,50,4.5
29,f5058,PPS-AGUA DE COCO KERO COCO-TP-1000 ML,50,12.5
30,f3233,FER-KINDER OVO MENINAS 1X12 UNDS,50,9.5
31,f4395,FER-KINDER BUENO 2X30 UNDS,50,8.2
32,f5902,FER-TIC TAC FRUTAS COMO TE GUSTA 14X16 G,50,2.99
33,f1085,FER-TIC TAC LARANJA 14X16 G,50,2.99
34,f72756,FER-TIC TAC MELANCIA MIX 14X16 G,50,2.99
35,f2668,FER-TIC TAC MENTA 14X16 G,50,2.99
36,f8099,FER-TIC TAC MENTA CRUSH 14X16 G,50,2.99
37,f2326,SEMOLA GRAVATA 500 G GALO,50,5.99
38,f2155,SEMOLA ALETRIA 500 G GALO,50,5.99
39,f3378,STH-PACOQUITA EMB QUADRADA DP C/24 UNDS,50,0.5
40,f6213,FINI TUBES CITRICO MORANGO-DP-12X15 G,50,1.2
41,f200,PVM-MENTOS STICK MINT DP 14X16 UNDS,50,2.99
42,f72791,STH-MENDORATO AMENDOIM JAPONES 70G PACOTE,50,2.99
43,f72286,KCB-ABS INTIMUS GEL SUAVE C/ABAS C/8 UNDS,50,4.5
44,f5465,RAY-PILHA ALCALINA AAA LV04/PG03 UNDS,50,11.5
45,f2643,KCB-PAPEL HIGIENICO NEVE TOQUE DE SEDA FOLHA DUPLA 30M C/4 UNDS,40,7.99
46,f01477888,RAY-PILHA ELET DE LITIO BOTAO TAM CR2032 C/05 UNDS,50,6.5
47,f72452,FINI TUBES GIGANTE MORANGO CITRICO DP 24X27 G,50,2.5
48,f124357,CHICLE MORANGO DP 18X14 G,50,1.2
49,f72727,CHICLE CLASSICOS DP 18X14 G,50,1.2
50,f111225,FINI AMORAS DP 12X15 G,50,1.2
51,f789214,FINI BANANAS DP 12X15 G,50,1.2
52,f72408,FINI TUBES GIGANTE TWISTER DP 24X27 G,50,2.5
53,f1404,FER-TIC TAC MORANGO 14X16 G,50,2.99
54,f85,TDC-BISC TODESCHINI CREAM CRACKER 360 GR,50,5.99
55,f1402221,BIC-REFIL LAMINAS CHROME PLATINUM C/10 UNDS,50,3.99
56,f2632,BIC-APAR DE BARBEAR SENSITIVE 12X2 UNDS,50,1.5
57,f2821,BIC-APAR DE BARBEAR COMFORT 3 BLACK 12X1 UNDS,50,4.5
58,f1166,BIC-APAR DE BARBEAR COMFORT 3 ACT SENSITIVE C/12,50,4.5
59,f345,KCB-ABS INTIMUS GEL NOTURNO SUAVE C/ABAS C/8 UNDS,50,8.5
0,f72797,COCA COLA PET 2 L,35,9.2
1,f65,FANTA  SABORES,50,8.99
2,f67,COCA COLA VIDRO 1 L,20,3.99
3,f246,SCHWEPPES TONICA LATA 350 ML,50,3.5
4,f247,FANTA  PET 600ML,50,4.75
5,f657,DEL VALLE MAIS NeCTAR DE LARANJA,50,7.99
6,f667,SUCO DE UVA DEL VALLE,50,7.99
7,f667,SUCO DE UVA DEL VALLE,50,7.99
8,f693,SPRITE ORIGINAL LIMaO 600ML,50,4.99
9,f694,REFRIGERANTE MISTO DE UVA 2 L,50,8.99
10,f699,COCA  LATA ORIGINAL/ZERO,50,3.99
11,f701,COCA  LATA 350 ML ZERO/ORIGINAL,50,3.25
12,f703,FNTA LATA 350 ML,50,3.2
13,f920,FANTA UVA LATA 350 ML,50,3.2
14,f923,SCHWEPPES CITRS LATA 350 ML,50,3.5
15,f924,COCA COLA PET 600ML,50,4.99
16,f926,COCA COLA ZERO PET 600ML,50,4.99
17,f933,REFRIGERANTE DE LIMaO SPRITE 2 L,50,7.99
18,f1095,Monster energy lt 473 ml,50,8.5
19,f1187,COCA COLA ZERO PET 2 L,35,8.99
20,f1192,FANTA LARANJA 600ML,50,4.99
21,f1660,KAPO MARACUJA 200 ML,50,2.20
22,f1662,KAPO MORANGO 200 ML,50,2.2
23,f1663,KAPO SABOR UVA 200 ML,50,2.2
24,f1874,SUCO DEL VALLE SABOR PESSEGO 1 LT,50,7.99
25,f2047,SUCO DEL VALLE SABOR FRUTAS,50,3.5
26,f2343,COCA    PET,50,6.5
27,f2426,ENERGETICO MONSTER ULTRA VIOLETA,50,8.5
28,f2665,SUCO DE MARACUJA DEL VALLE 1 LT,50,7.99
29,f2775,KAPO SABOR LARANJA 200 ML,50,2.1
30,f3479,SPRITE LT 350 ML,50,2.99
31,f4884,Fanta guarana lata 350 ml,50,2.99
32,f4904,Fanta guarana  2 l,50,8.99
33,f5255,MONSTER ENERY JUICE,50,8.85
34,f6111,INOVE POWERRADE 500 ML UVA VERDE,50,4.99
35,f6539,FANTA RETORNAVEL 2L,50,5.99
36,f6815,coca retornavel zero,20,5.99
37,f6990,DEL VALE FRESH LARANJA UVA 1.5 L,50,4.5
38,f7068,COCA  CAF 220ML,50,1.99
39,f7106,Del valle fresh sabor limao 1.5 L,50,4.5
40,f7114,COCA COLA PET 200ML,50,2.0
41,f7127,Coca pet 200 ml zero,50,2.0
42,f7127,Coca pet 200 ml zero,50,2.0
43,f7127,Coca pet 200 ml zero,50,2.0
44,f7197,cha mate leao 1.5,50,7.2
45,f7596,KUAT 350 ML,50,2.99
46,f7781,GUARAN KUAT 2 LITROS,50,6.99
47,f8055,SCHWEPPES 1.5 L,50,9.5
48,f060502,SUCO DEL VALLE FRUT 1L,50,4.50
49,f72309,MONSTER ENERGY ULTRA 473 ML,50,8.5
50,f72316,DV FRESH SABOR UVA 1.5 L,50,4.5
51,f107215,DEL VALE KAPO MAcA 200ML,50,2.1
52,f208211,REFRIGERANTE SPRITE ZERO 2L,50,6.99
53,f2207211,SUCO SEED AMENDOAS 1L,50,12.99
54,f2405211,SUCO DE SOJA ADES 1L,50,6.49
55,f2405212,SUCO DE SOJA ADES 1L,50,6.5
56,f2705211,FANTA LARANJA 2L RETOPRNVEL,20,5.99
57,f2810214,DV ABACAXI 1L,50,7.99
58,f2857452,SUCO del vale pessego,50,4.35
59,f3009213,MONSTER ENERGY ABS ZERO 473ML,50,8.5
60,f72350,SPRITE FRESH LIMAO PET 510ml 6U FL,50,3.99
61,f2294,CC PET RET 2L 9,20,5.99
62,f247,FANTA Uva 600ml 06Pack F.Liso,50,4.99
63,f7640,I9 MARACUJA 500ML (6) CP,50,4.99
64,f912216,ADES LARANJA TP 1L 6U CP,50,6.5
65,f912215,ADES ORIGINAL TP 1L 6U CP,50,7.2
66,f2054,DV FRUT UVA PET 450ML 6P CP,50,3.5
67,f2342,I9 LIMAO 500ML (6) CP,50,4.99
68,f6111,I9 UVA VERDE 500ML (6) CP,50,4.99
69,f2512215,DV Manga LT 290ML (6U) CP,50,3.2
70,f4253,CRYSTAL 500ML SEM GAS 12UN CP,50,1.99
71,f72797,COCA-COLA ORIGINAL PET 2L (6) FL,35,8.99
72,f3303,GUA POWER  C/ ACAI  CP300ML CP,50,2.99
73,f6557,"MATTE LEAO PESSEGO PET 1,5L (6) CP",50,7.2
74,f3921,I9 TANGERINA 500ML (6) CP,50,4.99
75,f685,MATTE NATURAL COPO 300ML CP,50,2.99
76,f4070,DV FRUT LARANJA PET 450ML 6P CP,50,3.5
77,f72800,EST GALICIA PILSEN LN 355ml (12),50,7.99
0,f72191,AB SEMPRE LIVRE ESP SV C/ ABAS PROM 16UN,50,7.5
1,f29,AGUA SANIT DA ILHA 1l,50,3.99
2,f0912211,AMAC COMFORT CONC L500P400ml CUID INTENS,50,8.99
3,f103204,AMAC COMFORT CONCENT 500ml HYDRA SERUM,50,10.99
4,f2594,"AMAC COMFORT CONCENT 500ml, CUID ESSENC",50,10.99
5,f963,"AMAC M BIJOU P FACIL 2l, AZUL PUREZA",50,10.2
6,f4657,ARROZ BRANCO BURITI LF TP1 1kg,50,5.99
7,f1514,ARROZ PARB BURITI LF TP1 1kg,50,5.2
8,f72369,"BEB SUCO UVA CAMPO LARGO INTEG PET 1,35l",50,13.5
9,f0942,BISC TODESCHINI 360g LEITE,50,5.2
10,f7644,BISC TODESCHINI 360g MAIZENA,50,5.5
11,f547,CREME DE LEITE PIRACANJUBA TP 200g,50,3.5
12,f30,"DET LIQ YPE 500ml, CLEAR",50,3.2
13,f451,"DET LIQ YPE 500ml, COCO",50,2.99
14,f972,FHA TRIGO ANACONDA ESP 1kg,50,5.5
15,f109,FILTRO PAPEL MELITTA 103 ORIGINAL 30UN,50,4.5
16,f0912212,FITA ADES ADERE 12mmX50m,50,2.99
17,f5263,"HAV TRADICIONAL 39/40, AZUL",50,15.99
18,f5638,"HAV TRADICIONAL 41/42, PRETO",50,15.99
19,f2911213,LAVA ROUPAS LIQ BRILHANTE BCO COR 900ml,50,11.5
20,f0912213,VINAGRE ROSANI MACA 500ml,50,2.99
21,f72621,AB CAREFREE BRISA S/ PERF 15UN,50,6.99
22,f12458895,AGUA SANIT DA ILHA 2l,50,6.99
23,f72393,ALCOOL ZULU BACT 70 INPM 1l,50,9.99
24,f2576,COND NEUTROX 200ml 1 CLASSICO,50,8.2
25,f7171,DET PO KLIP CART 1kg,50,5.5
26,f1275,"DET PO TIXAN YPE CART 1kg, MACIEZ",50,10.99
27,f517,"DET PO TIXAN YPE CART 1kg, PRIMAVERA",50,10.99
28,f72761,GELADINHO AMERICANO SORT 40X55ml,50,8.5
29,f3011213,"PAPEL HIG FOLHALEV FD 30m 4UN, NT",50,6.99
30,f72287,DET PO OMO LAVAG PERF 800g,50,13.5
31,f72223,FRALDA CREMER JUMBINHO G 16UN,50,19.5
32,f0907216,FRALDA CREMER JUMBINHO M 18UN,50,19.5
33,f1412211,FRALDA CREMER JUMBINHO P 18UN,50,20.99
34,f72171,LAVA ROUPAS LIQ OMO SACHE LAV PERF 900ml,50,14.5
35,f5050,ARROZ INTEGRAL BURITI TP1 1kg,50,5.99
36,f817,ARROZ PARB BURITI LF TP1 5kg,50,25.2
37,f427,"DESINF LIQ PINHO SOL 500ml, ORIGINAL",50,6.5
38,f7250,DET PO KLIP CART 1kg  PERFUMES INTENSOS,50,5.99
39,f7863,"DET PO TIXAN YPE SACHE 1kg, PRIMAVERA",50,11.99
40,f2063,LEITE COND PIRACANJUBA SEMI DESN TP 395g,50,6.5
41,f161523,PEPINO TAUA 300g,50,11.99
42,f5145,REMOVEDOR ESM BASE ACETONA FARMAX 100ml,50,3.99
43,f2002,"SAB FRANCIS CLASSICO 90g, LJA",50,3.5
44,f7249,SAB FRANCIS SUAVE 85g AZUL L12P11,50,2.2
45,f7250,SAB FRANCIS SUAVE 85g BRANCO L12P11,50,2.2
46,f6944,"SAB LUX BOTANIC GLIC 85g, BUQUE JASMIM",50,2.99
47,f003366,"SAB LUX BOTANIC GLIC 85g, LIRIO AZUL",50,2.99
48,f0807,"SAB LUX BOTANIC GLIC 85g, RS FRANCESAS",50,2.99
49,f816,"VINAGRE CHEMIM ALCOOL 900ml, CLARO",50,2.2
50,f2389,AGUA SANIT QBOA 2l,50,7.5
51,f1146,ARROZ BRANCO TIO JOAO LF TP1 1kg,50,7.99
52,f5397,AZEITONA V FERTIL DOYPACK 120g S/C,50,5.99
53,f7262,AZEITONA V FERTIL SACHE 200g,50,7.5
54,f528,BISC TODESCHINI 360g AGUA E SAL,50,5.5
55,f85,BISC TODESCHINI 360g CREAM CRACKER,50,5.5
56,f036566,"DES REXONA AERO FEM 150ml, COTTON",50,14.5
57,f6408,"DES REXONA AERO FEM 150ml, S/PERF",50,14.5
58,f4606,"DES REXONA AERO MASC 150ml, INVISIBLE",50,16.2
59,f129,"MAIONESE HELLMANNS 500g, TRADICIONAL",50,9.5
60,f7117,MAIONESE HELLMANNS SACHET 400g,50,7.99
61,f6812,ACUCAR REFINADO UNIAO 1kg,50,6.2
62,f5195,AZEITONA V FERTIL DOYPACK 120g FAT,50,5.99
63,f642,MOLHO TOM QUERO SC 340g TRAD,50,2.2
64,f2712213,PAPEL HIG FOLHALEV FS 60m 4UN NEUTRO,50,6.2
65,f5907,SACO LIXO SUPER FORTE ALMOF 100l 5UN,50,8.99
66,f5893,SACO LIXO SUPER FORTE ALMOF 50l 10UN,50,8.99
67,f101304,"SH SEDA 325ml, PRETOS LUMINADOS",50,9.5
68,f2985,"DET LIQ YPE 500ml, CLEAR CARE",50,3.2
69,f444,"DET LIQ YPE 500ml, LIMAO",50,3.2
70,f445,"DET LIQ YPE 500ml, MACA",50,3.2
71,f3469,ADOCANTE LIQ ADOCYL 100ml,50,3.2
72,f157,CAFE CABOCLO VACUO 500g,50,19.5
73,f9898,"CANETA ESF BIC CRISTAL 50UN, AZUL",50,0.99
74,f1275,"DET PO TIXAN YPE SACHE 1kg, MACIEZ",50,12.2
75,f6019,EXTR TOMATE ELEFANTE LT 340g GTS 35g,50,5.5
76,f4669,"HAV TRADICIONAL 39/40, PRETO",50,15.99
77,f1271,MAIONESE QUERO SACHET 200g,50,2.5
78,f72329,SANITIZANTE PO SURF SACHE 800g ROSAS E F,50,8.99
79,f2580,TESOURA ESC CIS KS65,50,3.2
80,f232,BATATA PALHA VISCONTI TRADICIONAL 140g,50,7.5
81,f6816,CD SORRISO TRIPLA LIMP COMP 70g L12P9,50,2.5
82,f2410,"DES REXONA ROLLON FEM 50ml, POWDER",50,10.99
83,f080321,DOCE NUTELLA 140g,50,10.5
84,f267,FAROFA MAND PINDUCA 250g BACON,50,4.5
85,f263,FAROFA MAND PINDUCA 500g TRAD,50,7.5
86,f382,GEL FIX COND BOZZANO 300g AZUL,50,13.99
87,f11276,INSET AERO RAID 285ml MULT,50,12.5
88,f112233,INSET AERO SBP 380ml MULTI,50,14.5
89,f809,PAPEL CHAMEQUINHO BRANCO A4 100FL,50,5.5
90,f72571,"SAB LUX BOTANIC GLIC 85g, CAPIM LIMAO",50,2.5
91,f72116,"SAB LUX BOTANIC GLIC 85g, LAVANDA",50,2.5
92,f4230,AB SEMPRE LIVRE ADAPT C/ ABAS 8UN,50,6.5
93,f153318,"HAV TRADICIONAL 33/34, PRETO",50,15.99
94,f2801221,"SAB PROTEX 85g, BALANCE SAUDAVEL",50,3.99
95,f1111211,ACHOC NESCAU 370g 2.0 ACTIGEN ED LIMIT,50,7.2
96,f74,AGUA SANIT QBOA 1l,50,3.99
97,f2953,AMIDO DE MILHO MILHENA 200g,50,2.99
98,f2093,ESC DEN ORAL B 1 2 3 SM,50,6.5
99,f6169,LIMP VEJA M USO L500P450ml ORIGINAL,50,5.99
100,f7724,MAIONESE HELLMANNS SACHET 200g,50,5.5
101,f2188,"SARDINHA COQUEIRO 125g, TOMATE",50,6.5
102,f253987,"SH SUAVE 325ml, BABOSA/PEPINO",50,7.99
103,f9936,"SH SUAVE 325ml, OLEO COCO/ABACATE",50,7.99
104,f72181,"TINT BEAUTY C, 2.0 PRETO",50,15.99
105,f72180,"TINT BEAUTY C, 3.0 CAST ESC",50,15.99
106,f72176,"TINT BEAUTY C, 4.0 CAST NAT",50,15.99
107,f3405,"TINT BEAUTY C, 5.0 CAST CL",50,15.99
108,f6228,CAFE 3 CORACOES ALMOFADA TRADIC 500g,50,20.99
109,f4389,CAFE MELITTA TRADIC 250g,50,12.50
0,f336622,491273-LAMEN CREM COST MOL CHURRASCO  NISSIN          10X88GR,50,2.2
1,f121,490003-LAMEN GALINHA CAIPIRA          NISSIN            50X85,50,2.5
2,f1553,491002-LAMEN CARNE                    NISSIN            10X85,50,2.5
3,f7670,490049-LAMEN TOMATE TM                NISSIN            50X85,50,2.2
4,f4330,491047-LAMEN GALINHA TM               NISSIN            10X85,50,2.5
5,f4311,491048-LAMEN CARNE TM                 NISSIN            10X85,50,2.2
6,f4459,491205-MAC TALHARIM FRANGO            NISSIN            10X99,50,2.99
7,f4793,491207-MAC TALH BROC MOLHO BRANCO     NISSIN            10X99,50,2.99
8,f9072,491307-MAC TALH QUEIJO E CREME        NISSIN            10X99,50,3.2
9,f7191,491187-CUP NOODLES GALINHA CAIPIRA    NISSIN            03X69,50,4.5
10,f099272,491188-CUP NOODLES CARNE DEFUMADA     NISSIN            03X69,50,4.99
11,f7193,491190-CUP NOOD YAKISSOBA TRADICIONAL NISSIN            03X70,50,4.5
12,f333366,491194-CUP NOODLES FRUTOS DO MAR      NISSIN            03X65,50,4.5
13,f2244,491196-CUP NOODLES LEGUMES C AZEITE   NISSIN            03X67,50,4.5
14,f115018,491279-CUP NOODLES CURRY              NISSIN            03X70,50,4.5
15,f1108217,491362-CUP NOODLES FEIJOADA           NISSIN            03X67,50,4.5
16,f1393,361163-TRAKINAS ++ CHOCOLATE          MONDELEZ         06X126,50,2.99
17,f2284,361164-TRAKINAS ++ MORANGO            MONDELEZ         06X126,50,2.99
18,f72739,361660-CLUB SOC RECH QUEIJO C/TOMATE  MONDELEZ      01X4X26.5,50,5.50
19,f5053,361285-COOKIE LAKA                    MONDELEZ         06X80G,50,5.2
20,f186,351694-TRIDENT T2 MENTA SM            MONDELEZ          05X04,50,1.99
21,f189,351696-TRIDENT T2 MELAN TWIST SM      MONDELEZ          05X04,50,1.99
22,f188,351697-TRIDENT T2 MORANGO SM          MONDELEZ          05X04,50,1.99
23,f101012,361150-TANG UVA L10P8                 MONDELEZ          10X25,50,1.5
24,f983,361291-TANG LARANJA DOCINHA           MONDELEZ          15X25,50,1.5
25,f192710,361441-TANG ABACAXI                   MONDELEZ          15X25,50,1.5
26,f6287,361461-TANG LARANJA                   MONDELEZ          15X25,50,1.5
27,f6274,361466-TANG LIMAO                     MONDELEZ          15X25,50,1.5
28,f120416,361467-TANG MANGA                     MONDELEZ          15X25,50,1.5
29,f134019,361469-TANG MARACUJA                  MONDELEZ          15X25,50,1.5
30,f1252,361487-TANG GOIABA                    MONDELEZ          15X25,50,1.5
31,f120829,361568-TANG TANGERINA                 MONDELEZ          15X25,50,1.5
32,f6189,361576-TANG LARANJA MAMAO             MONDELEZ          15X25,50,1.5
33,f2430,351213-OURO BRANCO 1KG                MONDELEZ        01X1000,50,0.99
34,f7818,361427-BIS AO LEITE XTRA              MONDELEZ          24X45,50,3.2
35,f7158,361350-LAKA OREO 90G                  MONDELEZ          17X90,50,5.99
36,f72189,361357-MIX DIAMANTE NEGRO LAKA 90G    MONDELEZ          17X90,50,5.99
37,f287,361582-SHOT 90G                       MONDELEZ          17X90,50,5.99
38,f3202,361583-DIAMANTE NEGRO 90G             MONDELEZ          17X90,50,5.99
39,f941,351203-SONHO DE VALSA 1KG             MONDELEZ        01X1000,50,0.99
40,f3943,351881-BIS AO LEITE                   MONDELEZ         05X126,50,6.50
41,f3850,351882-BIS LAKA                       MONDELEZ         05X126,50,5.99
42,f4695,"361400-BRAND MIX LACTA 250G           MONDELEZ       01X250,6",50,15.99
43,f4186,361288-COOKIE DIAMANTE                MONDELEZ         06X80G,50,5.2
44,f187,351695-TRIDENT T2 HORTELA SM          MONDELEZ          05X04,50,1.99
45,f80,361278-HALLS MORANGO SM               MONDELEZ     05X03X28,50,1.2
46,f554422,"361282-HALLS EXTRA FORTE SM           MONDELEZ     05X03X27,5",50,1.2
47,f7102,361361-TANG UVA INTENSA               MONDELEZ          15X25,50,1.5
48,f6276,361564-TANG MORANGO                   MONDELEZ          15X25,50,1.5
49,f0101012,361569-TANG UVA                       MONDELEZ          15X25,50,1.5
50,f3168,361988-TANG GUARANA                   MONDELEZ          15X25,50,1.5
51,f119,490001-LAMEN GALINHA                  NISSIN            50X85,50,2.2
52,f4312,490005-LAMEN LEGUMES                  NISSIN            50X85,50,2.2
53,f967423,491094-LAMEN FRANGO COM ALHO          NISSIN            10X85,50,2.2
54,f33669845,491137-LAMEN HOT MEXICANO             NISSIN            10X85,50,2.2
55,f7244,491189-CUP NOOD COST C/M.CHURRASCO    NISSIN            03X68,50,4.5
56,f7194,491192-CUP NOODLES CHEDDAR            NISSIN            03X69,50,4.5
57,f0990720,491193-CUP NOODLES FRANGO TERIYAKI    NISSIN            03X72,50,4.5
58,f001111,491195-CUP NOODLES GALINHA C PICANTE  NISSIN            03X68,50,4.99
59,f3350,491141-YAKISSOBA DESIDRATADO          NISSIN           05X500,50,6.5
60,f124217,661604-CAFE SOLUVEL INSTANT SACHET    MELITTA        01X04X50,50,6.5
61,f1492,361580-AO LEITE 90G                   MONDELEZ          17X90,50,6.99
62,f6311,361079-SHOT 20G                       MONDELEZ          20X20,50,1.99
63,f1711,361165-TRAKINAS 1/2 CHOC/MORANGO      MONDELEZ         06X126,50,2.99
64,f194304,353893-OREO FLOWPACK                  MONDELEZ          01X90,50,4.2
65,f3534,361217-CLUB SOCIAL ORIGINAL           MONDELEZ        01X6X24,50,5.2
66,f800,361225-CLUB SOCIAL INTEGRAL           MONDELEZ        01X6X24,50,5.2
67,f9641,361287-COOKIE AO LEITE                MONDELEZ         06X80G,50,5.2
68,f192710,361149-TANG ABACAXI L10P8             MONDELEZ          10X25,50,1.5
69,f6287,361151-TANG LARANJA L10P8             MONDELEZ          10X25,50,1.5
70,f568,491204-MAC TALHARIM BOLONHESA         NISSIN            10X99,50,2.99
71,f109,661536-PORTA FILTRO 103 CORES         MELITTA           01X01,50,11.99
72,f7130,361360-AMARO 90G                      MONDELEZ          17X90,50,5.99
73,f1491,361581-LAKA 90G                       MONDELEZ          17X90,50,5.99
74,f2060,351679-BUBBLY AERADO AO LEITE 110G    MONDELEZ         12X110,50,6.99
75,f4430,361428-BIS BLACK XTRA                 MONDELEZ          24X45,50,3.2
76,f7818,361429-BIS OREO XTRA                  MONDELEZ          24X45,50,3.2
77,f1712,361166-TRAKINAS 1/2 CHOC/CHOC BRANCO  MONDELEZ         06X126,50,2.99
78,f194304,361171-OREO CHOCOLATE FLOWPACK        MONDELEZ          06X90,50,4.2
79,f996653,361276-HALLS CEREJA SM                MONDELEZ     05X03X28,50,1.2
80,f998836,361279-HALLS MENTA SM                 MONDELEZ     05X03X28,50,1.2
81,f5805,361369-LACTA INTENSE ORIGINAL 60      MONDELEZ          17X85,50,7.5
82,f6310,361081-AO LEITE 20G                   MONDELEZ          20X20,50,1.99
83,f1006211,361661-CLUB SOC RECH REQUEIJAO        MONDELEZ      01X4X26.5,50,5.2
84,f7814,491185-LAMEN CREMOSO FRANGO F18       NISSIN            10X88,50,2.2
85,f077,491274-LAMEN CREM MOLHO DE QUEIJO     NISSIN          10X88GR,50,2.2
86,f6834,491006-LAMEN BACON                    NISSIN            10X85,50,2.2
87,f653214,491064-LAMEN CARNE TOMATE             NISSIN            10X85,50,2.2
88,f995513,491093-LAMEN COSTELA                  NISSIN            10X85,50,2.2
89,f00022,491352-LAMEN CANJINHA DE GALINHA      NISSIN            10X75,50,2.5
90,f7195,491191-CUP NOODLES BOLONHESA          NISSIN            03X72,50,4.5
91,f4389,661072-CAFE TRADICIONAL               MELITTA          01X250,50,12.99
92,f1493,361332-BELVITA MACA E CANELA 75G      MONDELEZ        01X3X25,50,4.99
93,f10215,361333-BELVITA AVELA 75G              MONDELEZ        01X3X25,50,4.99
94,f501,361335-BELVITA MEL 75G                MONDELEZ        01X3X25,50,4.99
95,f3664,361337-BELVITA CACAU CEREAIS          MONDELEZ        01X3X25,50,4.99
96,f1316,361338-BELVITA LEITE 75G              MONDELEZ        01X3X25,50,4.99
97,f1862,351698-TRIDENT T2 TUTTI FRUTT SM      MONDELEZ          05X04,50,1.99
98,f8094,361310-LAKA OREO 20G                  MONDELEZ          20X20,50,2.2
99,fGENERICO,361112-GEL REG FRAMBOESA 25G          MONDELEZ          15X25,50,1.99
100,f1102221,491353-LAMEN CALDINHO DE FEIJAO       NISSIN            10X75,50,2.5
101,f1535,491015-MACARRAO T3                    NISSIN           05X500,50,7.5
102,f1534,491016-MACARRAO T5                    NISSIN           05X500,50,7.5
103,f4309,661105-CAPUCCINO TRADICIONAL          MELITTA          03X200,50,12.5
104,f72760,661512-CAFE SOL GRAN DESCAF 50G       MELITTA           03X50,50,12.99
105,f113514,361119-GEL REG ABACAXI 25G            MONDELEZ          15X25,50,1.99
0,f2990,PRESERV BLOWTEX SABOR AROMA MORANGO C 3,50,4.99
1,f72324,PRESERV BLOWTEX SABOR AROMA MOR CHOC C3,50,4.99
2,f6166,AGUA OXIGENADA 40VOL FARMAX 90ML,50,2.99
3,f1921,COND NEUTROX 1 CLASSICO 500ML,50,13.99
4,f2002226,LENCO UMED ANTISS BARUEL PROTECT 20UN,50,8.99
5,f3403,T.BEAUTY C KIT 2.11 PRETO AZULADO,50,15.99
6,f2330,TAL BARUEL TENYS PE ORIGINAL PO 100G,50,11.20
0,f102010,SEDA SH SOS CERAMIDAS 325ML UNICA 325ML.,50,9.99
1,f7714,SEDA CO SOS CERAMIDAS 325ML 325ML.,50,12.99
2,f1502221,CREME DE PENTEAR SEDA COLAGENO E VITAMINA C 12X300ML U.,50,12.99
3,f253987,SUAVE CO BABOSA E PEPINO 325ML.,50,10.5
4,f7117,HELLMANNS MAI DP 400G.,50,6.99
5,f1702221,BRILHANTE DT LIQ HIGI TOT 900ML NE U.,50,11.99
0,f72552,BISC.WAFER ISABELA LIMAO,50,1.99
1,f0355456,BISC.TORTINHAS TRUFA,50,2.99
2,f2112218,BISC.TORTINHAS DOCE DE LEITE MU-MU,50,2.99
3,f3832,BISC.TORTINHAS TORTA DE LIMAO,50,2.99
4,f72271,TORRADA ISABELA INTEGRAL,50,3.5
5,f23656,BISC.TORTINHAS CHOCOLATE,50,2.99
6,f89872,BISC.TORTINHAS MORANGO,50,2.99
7,f72549,BISC.WAFER ISABELA CHOCOLATE BRANCO,50,1.99
8,f72550,BISC.WAFER ISABELA CHOCOLATE SUICO,50,1.99
9,f0702221,BISC.WAFER ISABELA DOCE DE LEITE MU-MU,50,1.99
10,f72553,BISC.WAFER ISABELA MORANGO,50,1.99
11,f99117,EXT.T.ELEFANTE POTE,50,5.2
12,f2072,CAFE 3 CORACOES TRAD.VACUO,50,11.50
0,f2002221,PRESERVATIVO SEX FREE ACAI C/03,50,2.99
1,f2002222,PRESERVATIVO SEX FREE CHOCOLATE C/03,50,2.99
2,f2002223,PRESERVATIVO SEX FREE MENTA C/03,50,2.99
3,f6542,PRESERVATIVO SEX FREE MORANGO C/03,50,2.99
4,f4213,PRESERVATIVO SEX FREE TUTTI-FRUTTI C/03,50,2.99
0,f548,NESTLE Creme de Leite Uht 27x200g BR,50,5.2
1,f1373,NESCAFE ORIGINAL Sachet 24x50g XW,50,6.2
2,f2311215,NESCAFE Matinal Sachet 24x50g XW,50,6.2
3,f7602,SENSACAO Chocolate 12(24x38g) BR,50,2.99
4,f1092,ALPINO Bebida Garrafa Plas 4(6x280ml) BR,50,5.5
5,f1772,MUCILON Multicereais Sachet 12x230g BR,50,8.2
6,f9004,CLASSIC Biscoito Recheado 60x140g BR,50,4.5
7,f1866,NESTON Bebida Garrafa Plas 4(6x280ml) BR,50,5.99
8,f105116,SUFLAIR Chocolate Leite 12(20x50g) BR,50,4.5
9,f951,PASSATEMPO Bisc Recheado Choc 70x130g BR,50,3.2
10,f3516,MAGGI Caldo Galinha 15(10x57g) BR,50,2.2
11,f72448,BONO Bisc Recheado Chocolate 60x126g BR,50,3.99
12,f72394,BONO Bisc Recheado Morango 60x126g BR,50,3.99
13,f1411215,NEGRESCO Biscoito Recheado 66x100g BR,50,3.99
14,f6978,DOG CHOW Adlt TdTm Cordeiro 15x100g BR,50,2.99
15,f170,PRESTIGIO Chocolate 30x33g BR,50,2.5
16,f175,CHARGE Chocolate 12(30x40g) XW,50,2.2
17,f182108,MAGGI FONDOR Tempero 30x120g BR,50,7.5
18,f622,MAGGI Creme Cebola 12x68g BR,50,5.99
19,f3804,NESCAU 2.0 ACTIGEN-E Achoc Po 48x200g BR,50,4.99
20,f1612,NESCAU ACTIGEN-E Bebida Lactea 12x1L BR,50,13.2
21,f2917,KIT KAT 4Fngr Leite 4(24x41.5g) BR,50,3.99
22,f485,CLASSIC Duo Chocolate 4(14x90g) BR,50,6.99
23,f955,NESCAU ACTIV-GO BebLactea 27x200ml N1 BR,50,2.99
24,f6329,SUFLAIR Chocolate Duo 4(16x80g) BR,50,6.99
25,f33366,DOG CHOW Adlt TdTm Carne 15x100g BR,50,2.99
26,f5864,FRISKIESSelecaoSaborosaMixCar12x500gN2BR,50,18.99
27,f10158,FRISKIESPetscdoMarPxFrdoM12x500gBR,50,20.20
28,f2101221,ALPO Filhotes CarFrgCerVeg Lei 10x1kg BR,50,18.2
29,f2101223,DOGCHOWXLfeFilhMedGdeCarFrgArz10x1kgBR,50,24.2
30,f2101224,DOGCHOWXLfeAdltMnPeqCarFrgArz10x1kgBR,50,22.99
31,f2506211,NESCAFE TRADICAO Sachet 24X50g XW,50,6.2
32,f609,MAGGI MEU SEGREDO Temp Gran 42(7x7g)BR,50,4.2
33,f2146,MAGGI Sopao Sp Carne 24x200g BR,50,8.2
34,f7748,BATON Bastao Choc Branco 32(30x16g)XW,50,1.5
35,f72812,BATON Bastao Choc Leite 32(30x16g)XW,50,1.5
36,f93,PASSATEMPO Biscoito Leite 54x150g BR,50,3.5
37,f2828,PRESTIGIO Wafer 48x110g BR,50,4.5
38,f790,BATON Bastao Duo 32(30x16g) XW,50,1.5
39,f2097,LOLLO Chocolate 12(30x28g) BR,50,2.5
40,f3560,MAGGI Sopao Carne Panela 24x200g BR,50,8.2
41,f7064,SNOW FLAKES Cereal Matinal 20x300g BR,50,10.5
42,f6889,CLASSIC Cookie Choc Gotas Choc 52x60gBR,50,3.5
43,f6861,MAGGI Caldo Galinha 100x114g BR,50,3.99
44,f88655,NESCAU Cereal Matinal 24x210g BR,50,10.5
45,f3248,GALAK Chocolate 4(14x90g) BR,50,6.99
46,f72196,CLASSIC Chocolate ao Leite 4(14x90g) BR,50,6.99
47,f556644,ALPINO Cookie Gotas Choc 52(3x20g)BR,50,3.5
48,f1607211,ALPINO Choc Gold 4(14x85g) BR,50,8.99
49,f72803,MAGGI MEU SEGREDO Tomate 42(7x7g) BR,80,4.99
50,f174,CHOKITO Chocolate 18(30x32g) BR,50,2.5
51,f606,MAGGI Sopao Sp Costela 24x200g BR,50,8.2
52,f2270,GAROTO Pastilha Hortela 24(40x17g) XW,50,1.2
53,f614,MAGGI Sopao Galinha Caipira 24x200g BR,50,8.2
54,f122799,MUCILON Arroz Aveia Sachet 12x230g BR,50,8.2
55,f1770,NEGRESCO Wafer 48x110g BR,50,4.5
56,f1819,PRESTIGIO Biscoito Recheado 60x140g BR,50,4.99
57,f3952,NESTLE Farlact Trdl Sachet 24x210g BR,50,10.5
58,f5002,NESTLE Aveia Flocos Finos 28x170g BR,50,5.2
59,f6860,MAGGI Caldo Carne 100x114g BR,50,3.99
60,f2972,PRESTIGIO Branco Chocolate 18(30x33)g BR,50,2.2
61,f72808,NESCAU DUO Cereal Matinal 24x210g BR,50,10.5
62,f72267,CRUNCH Chocolate 4(14x90g) BR,50,6.99
63,f5485,CLASSIC Choc Meio Amargo 4(14x90g) BR,50,6.99
64,f33662233,CLASSIC Prestigio 4(14x90g) BR,50,6.99
65,f72234,NESCAFE TRADICAO Fco 12x160g BR,50,19.2
66,f0702222,ALPINO Chocolate Leite 12(22x25g) BR,50,2.2
67,f0702223,GALAK Chocolate Branco 12(22x25g) BR,50,2.2
68,f5857,NESTLE ESPECIALIDADES Bombons 30x251g BR,50,14.5
69,f031211,GALAK Wafer 48x110g BR,50,4.5
70,f5273,FRISKIES Carne ao Molho 15x85g BR,50,3.5
71,f0202,FRISKIES Cordeiro ao Molho 15x85g BR,50,3.5
72,f1607212,FRISKIES Peixe Branco ao Molho 15x85g BR,50,3.5
73,f802221,"FRISKIESSelecaoSaborosaMixCar10,1kgN2BR",50,18.99
74,f802222,ALPO Adulto Car Frg Cer Veg 18kg BR,50,10.2
75,f802223,"DOGCHOWXLfeAdltMnPeqCarFrgArz10,1kgBR",50,16.2
0,f72817,LASANHA PRESUNTO/QUEIJO 600G CG LEBON,50,10.50
1,f72816,LASANHA FRANGO 600G CG LEBON,50,10.50
2,f72815,LASANHA BOLONHESA 600G CG LEBON,50,10.50
0,f1502223,BOM AR AERO ROMANCE 360ml PROMO Un,50,13.99
1,f1502224,BOM AR FRESHMATIC ROMANCE RF 250ml Cx C/6,50,30.50
0,f7929,PET 500ML S/GAS PCTE C/12-EX01,50,1.99
1,f7030,PET 500ML C/GAS PCTE 12-EX01,50,1.99
2,f7029,PET 1500ML S/GAS PCTE C/6-EX01,50,3.5
3,f7031,PET 1500ML C/GAS PCTE C/6-EX01,50,3.5
4,f7032,PET 6 LT S/GAS-PCTE C/02-EX01,50,10.99
5,f99996,PET 10 LT S/GAS DESCART√ÅVEL-EX01,50,15.50
0,f1524,PAO FORMA INTEGRAL PANCO,50,8.99
1,f4739,BISNAGUINHA PANCO,50,7.2
2,f7807,PANQUINHO MORANGO 70G,50,2.99
3,f10726,BOLO PANCO GOTAS DE CHOCOLATE 300G,50,8.5
4,f72720,PAO DE LEITE 500 GR PANCO,50,8.2
5,f72721,PAQUINHO DOCE DE LEITE 70 GR,50,2.99
6,f72725,BOLO ABACAXI 300 GR PANCO,50,7.99
7,f162902,PAO DE FORMA PREMIUM PANCO,50,7.5
8,f197324,PANQUINHO BAUNILHA,50,2.6
9,f197325,PANQUINHO CHOCOLATE C/BAUNILHA,50,2.99
10,f197326,PANQUINHO CHOCOLATE,50,2.99
11,f0306211,PAO INTEGRAL 15 GRAOS 380G,50,10.2
12,f0306212,PAO INTEGRAL CASTANHAS BRASILEIRAS 380G,50,10.2
13,f0306214,PAO DE MILHO PANCO 500G,50,8.99
14,f688529,PANQUINHO BRIGADEIRO,50,2.99
15,f2105211,PANCO BOLO 300G,50,7.99
16,f3006218,PAO PANCO INTEGRAL CASTANHA DO PA E LINHA,50,10.2
17,f2612211,BlBebezChoc 2/70,50,2.99
18,f2612212,BlBebeBrigadei70,50,2.99
19,f2612213,BlBebeBauGotas70,50,2.99
20,f2612214,BlBeChoReChoSu70,50,2.99
21,f2612216,BoloChocoboy 300,50,8.5
22,f2105212,BoloChocolate300,50,7.99
23,f2612218,BLFormigueiro300,50,8.5
24,f1201221,PIntAveia 100% 380G,50,10.2
25,f0202221,PIntgQuinoa 380,50,10.20
26,f72724,PIntegralZero380,50,10.20
27,f0202225,PIntgOmega3 380,50,10.20
28,f0202222,PIntAzeiteErvas380G,50,10.2
29,f0202223,PIntAustraliano380G,50,10.2
0,f3577,ALHO SELECIONADO - FD 12X100G,50,5.5
1,f1736,BICARBONATO DE SODIO - FD 12X40G,50,2.2
2,f1746,CANELA EM RAMA - FD 12X10G,50,3.99
3,f567,UVA PASSAS ESCURA SEM SEMENTE - CX 12X100G,50,4.99
4,f72555,AMEIXA SECA SEM CAROCO - CX 12X100G,50,10.5
5,f7801,UVA PASSAS BRANCA SEM SEMENTE - CX 12X100G,50,6.99
6,f2776,PIMENTA PRETA PO - TB 12X30G,50,3.99
7,f1401221,LEITE DE COCO RD - FD 24X200ML,50,4.5
8,f14108,MILHO PIPOCA SUPREMA - FD 12X500G,50,4.99
9,f1554,GRAO DE BICO - FD 12X500G,50,8.5
10,f96841,BICARBONATO DE SODIO - PCT 1KG,50,15.5
11,f5219,CHOCOLATE GRANULADO COLORIDO - FD 12X80G,50,3.2
12,f1728,ACUCAR BAUNILHA - FD 12X40G,50,2.99
13,f4972,CHIMICHURRI - FD 12X20G,50,3.2
14,f1734,OREGANO - FD 12X30G,50,5.2
15,f7802,OREGANO - FD 12X05G,50,2.2
16,f1939,CEBOLA ALHO SALSA - FD 12X20G,50,3.20
17,f418548125,CRAVO DA INDIA - FD 12X10G,50,3.20
18,f2401221,SALSINHA - PCT 1KG,50,41.99
19,f1510214,CHIMICHURRI - PCT 1KG,50,70.99
20,f1738,CAMOMILA EM FLOR - FD 12X05G,50,2.99
21,f3083,CAMOMILA EM FLOR - FD 12X30G,50,5.20
22,f1741,LOURO EM FOLHAS - FD 12X05G,50,2.20
23,f9001,MOLHO SHOYU - CX 12X150ML,50,4.20
0,f2731,SALAME ITALIANO FAT100G C/5UN CX30UN P/A PCT 5UN,50,13.5
1,f0002,QUEIJO MUSSARELA INT PC+-4KG CX+-24KG A PC+- 4KG,70,42.2
2,f0009,MORT BOLOGNA OURO PC 4KG CX 8KG P CX 8KG,84,34.5
3,f5187,LASANHA BOLONHESA UN 600G CX 6UN P/A UN 600G,50,12.99
4,f2707214,LASANHA CALABRESA UN 600G CX6UN P/A UN 600 G,50,12.99
5,f72346,LASANHA FGO C/BACON UN 600G CX6UN P/A UN 600G,50,12.99
6,f2313,LASANHA 4 QUEIJOS UN 600G CX 6UNP/A UN 600G,50,14.2
7,f7806,LASANHA BOLONHESA UN 600G CX 6UNP/A UN 600G,50,14.2
8,f3286,LASANHA FGO MOLHO SUGO UN 600G CX 6UNP/A UN 600G,50,14.2
9,f2311,SANDUICHE X-PICANHA 145G PC3UN CX18 P/A PCT 3UN,50,8.2
10,f3974,SANDUICHE X-FRANGO 145G PC3UN CX18 P/A PCT 3UN,50,8.2
11,f1108212,SANDUICHE X-CHEDDAR 145G PC3UN CX18 P/A PCT 3UN,50,8.2
12,f1108211,SANDUICHE X-BURGUER BBQ 145G PC3UNCX18PA PCT 3UN,50,8.2
13,f3972,SANDUICHE X-BACON 145G PC3UN CX18 P/A PCT 3UN,50,8.2
14,f1182,MARGARINA QUALY C/SAL UN 250G CX 24UN P CX 24UN,40,5.99
15,f7854,STEAK EMPANADO 100G CX 45UN P CX 45UN,50,2.5
16,f2360,STEAK EMPANADO 100G CX 45UN P CX 45UN,50,2.5
17,f2907211,BATATA CG 10MM PCT 400G CX 25UN P CX 25UN,50,7.20
18,f72685,APRESUNTADO FAT 150GR PCT5UN CX70UN PA PCT 5UN,50,4.99
19,f2345,PATE DE PRESUNTO 100G PCT5UN CX 25UN P/A PCT 5UN,50,4.99
20,f2234,FETTUCCINE BOLONHESA UN 350G CX12UN P/A UN 350G,50,10.5
21,f7254,MINI CHICKEN FRANGO 275G CX 15UN P/A UN 275G,50,11.2
22,f271219,MORT BOLOGNA OURO FAT PCT4X200G CX20UNPA PCT 4UN,50,9.99
23,f10132,QUEIJO MUSSARELA FAT 200GPCT4UN CX20UNPA PCT 4UN,50,10.99
24,f2619,PATE DE P.PERU 100G PCT 5UN CX25UN P/A PCT 5 UN,50,4.99
25,f0906211,PATE DE FRANGO 100G PCT 5UN CX 25UN P/A PCT 5UN,50,4.99
26,f4472,MARGARINA CLAYBOM C/SAL 250G CX 24UN P CX 24UN,50,3.99
27,f2059,MARGARINA QUALY C/SAL 500G CX 12UN P CX 12UN,50,10.99
28,f0925,"FGO FRANGO CARCACA 1.9KG CG CX15,2KGP CX15.2KG",50,17.99
29,f1033,"BACON PERNIL MANTA PC+-3,5KG CX +-14KG A PC +-3,5KG",50,27.2
30,f2934,MARGARINA CLAYBOM C/SAL 500G CX12UNP CX 12UN,50,6.99
31,f72392,BANHA BLD 850G CX12UN P/A BLD 850G,50,15.99
32,f1296,MINI CHICKEN FR C/QUEIJO 275G CX15UN P/A UN 275G,50,11.2
33,f0906212,MORT BOLOGNA TRAD FAT PCT3X200G CX21UNPA PCT 3UN,50,9.2
34,f7853,LASANHA PEITO PERU DEF UN600G CX 6UN P/A UN 600G,50,14.2
35,f7264,POLENTA PALITO PCT400G CX25UN P/A UN 400 G,50,4.5
36,f883,HAMB 56G CX 36UN / 2.016KG P CX 36UN,50,1.99
0,f996622,CHAMYTO GO 100 G IOGURTE LIQ MORANGO,40,3.2
1,f9933221,CHAMYTO GO 100 G IOGURTE LIQ VITAMINA DE FRUTAS (CX/24),40,2.99
2,f7212,CHAMYTO IOGURTE MOR+CER COLORIDO 130 G (CX/24),40,4.99
3,f117,CHAMYTO LEITE FERMENTADO BIG 720 G(CX/21),40,1.99
4,f092818,CHANDELLE CHOCOLATE 180 G (CX/24),40,5.99
5,f2800,NESTLE 170 G IOG NATURAL CENOURA E LARANJA (CX/28),40,3.2
6,f2799,NESTLE 170 G IOG NATURAL INTEGRAL,40,3.2
7,f7182,NESTLE GREGO 90 G FRUTAS VERMELHAS (CX/24),40,2.99
8,f1139,NESTLE IOGURTE MORANGO 170 G (CX/24),40,2.99
9,f72245,NESTLE IOGURTE MORANGO 900 G (CX/12),40,11.99
10,f7681,NESTLE GREGO 90 G TRADICIONAL (CX/24),40,2.99
11,f5566,NINHO 170 G MACA/BANANA IOG LIQ (CX/24),40,3.5
12,f7123,NINHO IOG POLPA 3 SABORES 540 G (CX/06),40,7.20
13,f2312214,FRIOLACK MANTEIGA C/SAL POTE 200 G,40,7.99
14,f7210,NAT ONE AMBIENTE LARANJA 2 LT,50,16.5
15,f6346,NESTLE GREGO 90 G TORTA DE LIMAO,40,2.99
16,f1521,CHAMYTO LEITE FERMENTADO 450 G (CX/21),40,1.2
0,f1208218,ESCOVA DE DENTE BCOMBIO MACIA ADULTO 12DZ,50,2.99
1,f03699,QUEIJO RAL GROSSO AR VERDE FT 5X40GR CX25UN,50,4.50
2,f72562,QUEIJO RALADO FINO PARMARELA FT 5X40GR CX 25UN,50,4.20
0,f10111,BEBIDA LACTEA FERM. MORANGO 900GR,40,5.2
1,f38265,MANTEIGA EXTRA C/SAL TIROL 200G,40,10.99
2,f10112,NATA TIROL PT 300G,40,10.5
3,f1523,QUEIJO MUSSARELA FATIADO 150 GR ATM,40,8.99
4,f392652,QUEIJO PRATO FATIADO 150GR ATM,40,8.99
5,f659832,DOCE DE LEITE 350 GR,50,7.99
6,f6994,BEBIDA LACT. GARRAFA COCO 830GR,40,7.99
7,f6533,BEBIDA LACT. GARRAFA MORANGO 830GR,40,7.99
8,f6974,BEBIDA LACT. GARRAFA FRUTAS E CEREAIS 830GR,40,7.99
9,f9030,REQUEIJAO CREMOSO COPO PLASTICO 180GR,40,6.99
10,f392817,LEITE UHT DESNATADO TIROL C/ TAMPA ROSCA 1000ML,10,5.99
11,f10119,LEITE UHT INTEGRAL TIROL C/ TAMPA ROSCA 1000ML,30,5.2
12,f252525,CREME DE LEITE UHT HOMOGENIZADO 200G,50,4.5
13,f392829,MANTEIGA EXTRA S/SAL TIROL 200G,40,10.99
14,f6972,BEBIDA GAR. MORANGO 170 GR,40,2.5
15,f7051,BEBIDA GAR. COCO 170GR,40,2.5
16,f6971,BEBIDA GAR. FRUTAS/CEREAIS 170GR,40,2.5
17,f6991,QUEIJO MUSSARELA FATIADO 400G ATM,40,22.2
18,f7242,QUEIJO PRATO FATIADO 400G ATM,40,22.2
19,f7049,LEITE CONDENSADO 395 GR,50,6.99
20,f6967,LEITE UHT PREM.SEMI DES.C/ ZERO LACTOSE 1000ML,40,5.5
21,f369989,BEBIDA LACTEA FERM. COCO 900GR,40,5.2
22,f020301,BEBIDA LACTEA FERM. FRUTAS/CEREAIS 900GR,40,5.2
23,f0002,QUEIJO MUSSARELA F-4 TIROL L.C,70,44.2
24,f6534,QUEIJO PARMESAO RALADO FINO TIROL 40G,50,4.99
25,f6536,QUEIJO PARMESAO RALADO GROSSO EM TIRAS TIROL 40G,50,4.99
26,f6503,BEBIDA LAC. UHT CHOCOLATE 200ML,50,1.99
27,f1002221,PEPPERONI FAT 100G CX35 JCW,40,4.2
0,f101516,"099 1175 ATUM GDC SOLIDO NATURAL.....1X170GR %AGR:  00,0000 BASE ST: *********16,14 VALOR ST: **********2,91",50,13.5
1,f72542,001 DESINF LYSOFORM BRUTO SUAVE(0180)1X500ML SCJ,50,6.99
2,f812214,003 GLADE AUTOMATIC RF LEMBRA INF....1X269ML SCJ,50,35.99
3,f5415,001 RAID MULTI BASE AGUA.............1X420ML SC,50,13.99
4,f4130,"099 M MS CHOCOLATE AO LEITE........1X18X45GR %AGR:  00,0000 BASE ST: *********24,40 VALOR ST: **********4,39",50,4.2
5,f2636,001 BAYGON ACAO TOTAL...............01X360ML SC,50,12.99
6,f812215,001 DAMASCO SECO TURCO LA VIOLETERA.01X170GR LA,50,18.99
7,f2180,001 SUCO MAGUARY PET MARACUJA.......12X500ML EBBA,50,8.99
8,f2317,022 7102 CHA LEAO FUZE CAPIM CIDRE.01X10 SAQ LEAO,50,3.99
9,f2707,"099 PEDIGREE DRY RACAS PEQUENAS...(9196).1X1 %AGR:  00,0000 BASE ST: *********33,87 VALOR ST: **********6,10",50,29.2
10,f0608215,000 BISC TEENS SNACK CHOCOLATE.........01X80 MARILAN,50,4.2
11,f72540,000 WAFFER MARILAN BRIGADEIRO..........01X80 MARILAN,50,2.2
12,f6197,"099 MOLHO PARMEGIANA QUERO SACHE(2688)01X340 %AGR:  00,0000 BASE ST: **********6,54 VALOR ST: **********1,18",50,2.99
13,f646,"099 MOLHO MANJERICAO QUERO SACHE(7171)01X340 %AGR:  00,0000 BASE ST: **********6,54 VALOR ST: **********1,18",50,2.99
14,f220908,"099 MOLHO PIZZA QUERO SACHE(7188).....01X340 %AGR:  00,0000 BASE ST: **********6,54 VALOR ST: **********1,18",50,2.99
15,f4967,001 FEIJAO CARIOCA QUERO.(1605).......01X340 HEINZ,50,6.99
16,f4152,001 FEIJAO PRETO QUERO.(1551).........01X340 HEINZ,50,6.99
17,f2906216,000 PETISCO PIT STOP CEB SALSA MARILAN..1X80 MARILAN,50,3.5
18,f3242,"099 WHISKAS DRY ADULTO CARNE...........1X500 %AGR:  00,0000 BASE ST: *********25,17 VALOR ST: **********4,53",50,21.99
19,f1440,"099 WHISKAS SACHE AD ATUM.............1X85GR %AGR:  00,0000 BASE ST: *********26,60 VALOR ST: **********4,79",50,3.5
20,f2312213,"099 WHISKAS SACHE AD CORDEIRO.........1X85GR %AGR:  00,0000 BASE ST: *********24,00 VALOR ST: **********4,32",50,3.99
21,f2016,001 7103 CHA LEAO FUZE CAMOMILA ...01X10 SAQ LEAO,50,3.99
22,f2019,001 7106 CHA LEAO FUZE ERVA DOCE...01X10 SAQ LEAO,50,3.99
23,f0109211,"099 KETCHUP HEINZ PICANTE..(3068).....01X397 %AGR:  69,9200 BASE ST: *********32,69 VALOR ST: **********3,58",50,12.99
24,f1205212,"099 KETCHUP BACON CEBOLA HEINZ.(0368).01X397 %AGR:  69,9200 BASE ST: *********35,61 VALOR ST: **********3,89",50,13.2
25,f1273,"099 KETCHUP HEINZ...(3708)............01X397 %AGR:  69,9200 BASE ST: *********67,83 VALOR ST: **********7,42",50,12.99
26,f72236,001 MILHO VERDE QUERO LATA............24X170 HEINZ,50,3.99
27,f642,"099 MOLHO TRADICIONAL QUERO SACHE1280)24X340 %AGR:  00,0000 BASE ST: *********72,54 VALOR ST: *********13,06",50,2.5
28,f7019,"099 MOLHO BOLONHESA QUERO SACHE(1289).24X340 %AGR:  00,0000 BASE ST: *********33,77 VALOR ST: **********6,08",50,3.5
29,f2357,"099 1171 ATUM GDC PEDACOS OLEO(1717).1X170GR %AGR:  00,0000 BASE ST: *********14,01 VALOR ST: **********2,52",50,11.99
30,f597,"099 1174 ATUM GDC RALADO OLEO(1748)..1X170GR %AGR:  00,0000 BASE ST: *********10,71 VALOR ST: **********1,93",50,8.99
31,f2698,"099 1177 ATUM GDC RALADO NATURAL.....1X170GR %AGR:  00,0000 BASE ST: *********10,71 VALOR ST: **********1,93",50,8.99
32,f72252,"099 1195 ATUM GDC RALADO C TOMATE....1X170GR %AGR:  00,0000 BASE ST: *********10,71 VALOR ST: **********1,93",50,8.99
33,f1901221,"099 1196 ATUM GDC RALADO C PIMENTA...1X170GR %AGR:  00,0000 BASE ST: *********10,71 VALOR ST: **********1,93",50,8.99
34,f899,"099 1173 ATUM GDC SOLIDO OLEO..(1731)1X170GR %AGR:  00,0000 BASE ST: *********16,14 VALOR ST: **********2,91",50,12.99
35,f7808,"099 GLADE SANY PED LAV 25PORC GTS(4241).1X01 %AGR:  00,0000 BASE ST: **********3,78 VALOR ST: **********0,68",50,3.2
36,f1810215,001 BALA GELATINA BANANA SWEET.......01X60GR HARIBO,50,3.99
37,f1810214,001 BALA GELATINA DENTINHOS..........01X60GR HARIBO,50,2.99
38,f2306214,001 BALA GELATINA URSINHOS OURO......01X60GR HARIBO,50,3.99
39,f7235,"099 WHISKAS SACHE AD CARNE............1X85GR %AGR:  00,0000 BASE ST: *********26,60 VALOR ST: **********4,79",50,3.99
40,f3702,000 PETISCO PIT STOP PASTEL CRNE MARIL..1X80 MARILAN,50,3.5
41,f6041,"099 MAIONESE HEINZ...(3182) FP........01X390 %AGR:  00,0000 BASE ST: *********19,83 VALOR ST: **********3,57",50,14.99
42,f1272,"099 MAIONESE HEINZ...(2949)FP.........01X400 %AGR:  00,0000 BASE ST: *********18,90 VALOR ST: **********3,40",50,14.99
43,f7015,"099 MOSTARDA HEINZ.....(3715).........01X255 %AGR:  00,0000 BASE ST: *********28,50 VALOR ST: **********5,13",50,11.99
44,f6197,"099 MOLHO PARMEGIANA QUERO SACHE(1281)24X340 %AGR:  00,0000 BASE ST: *********26,34 VALOR ST: **********4,74",50,2.99
45,f6049,"099 MOLHO NAPOLITANO QUERO SACHE.1286)24X340 %AGR:  00,0000 BASE ST: *********26,34 VALOR ST: **********4,74",50,2.99
46,f4967,001 FEIJAO CARIOCA QUERO..(650).......24X340 HEINZ,50,6.99
47,f1273,"099 KETCHUP HEINZ FP.....1092.........16X397 %AGR:  69,9200 BASE ST: ********135,81 VALOR ST: *********14,85",50,11.99
48,f3056,"099 M MS MINIS TUBO SEM PRECO.......1X12X30G %AGR:  00,0000 BASE ST: *********16,27 VALOR ST: **********2,93",50,3.99
49,f72650,"099 M MS CRISPY...................01X18X35GR %AGR:  00,0000 BASE ST: *********24,40 VALOR ST: **********4,39",50,4.2
50,f72248,000 TWIX ORIGINAL..................1X18X40GR MARS,50,2.99
51,f1910211,000 TWIX DARK.....................01X18X40GR MARS,50,2.99
52,f72230,"099 SNICKERS ORIGINAL.............01X20X45GR %AGR:  81,2800 BASE ST: *********38,08 VALOR ST: **********4,33",50,2.99
53,f2906,"099 WHISKAS DRY FILHOTE CARNE........1X500GR %AGR:  00,0000 BASE ST: *********26,64 VALOR ST: **********4,80",50,23.99
54,f2368,001 FILME PVC TRANSPARENTE...........25X15MT ROYAL,50,6.5
55,f6916,"099 MOLHO ERVAS FINAS QUERO SACHE(6060)1X340 %AGR:  00,0000 BASE ST: *********13,08 VALOR ST: **********2,35",50,2.99
56,f1602221,001 CHA GELADO MORANGO E LARANJA........1X10 LEAO,50,1.2
57,f2320,022 7104 CHA LEAO FUZE HORTELA(0170)1X10 SAQ LEAO,50,3.99
58,f1445,"099 PEDIGREE DRY FILHOTES RPEQ.(9486)1X900GR %AGR:  00,0000 BASE ST: *********33,57 VALOR ST: **********6,04",50,29.2
59,f72763,"099 WHISKAS SACHE CASTR CARNE.........1X85GR %AGR:  00,0000 BASE ST: *********26,60 VALOR ST: **********4,79",50,3.5
60,f6934,"099 MR MUSCULO L.COZINHA PROMO(SQUE)...1X500 %AGR:  00,0000 BASE ST: *********12,78 VALOR ST: **********2,30",50,10.99
0,f121930,VIGOR 80% 250G COM SAL,40,4.99
1,f833,VIGOR NATURAL TRADICIONAL 170G,40,3.5
2,f3497,VIGOR NATURAL LAR CEN MEL 170G,40,3.5
3,f6252,VIGOR REQUEIJAO CREMOSO 200G,40,7.99
4,f6367,VIGOR MIX BLACK WHITE MRG 165G,40,6.5
5,f2670,AVIACAO MANTEIGA TB C/SAL 200G,40,13.5
6,f830,VIGOR LEITE FERMENTADO 450G,40,1.2
7,f3394,VIGOR SOBREMESA CHOCOLATE 180G,40,4.99
8,f63589,VIGOR SOBREMESA CHOC BCO 180G,40,4.99
9,f837,VIGOR FLAN BAUNILHA 220G,40,4.99
10,f72785,VIGOR 800G LIQ MORANGO,40,11.99
11,f0701211,VIGOR NATURAL LAR CEN MEL 150G,40,3.2
12,f0701222,VIGOR NATURAL TRADICIONAL 150G,40,3.2
13,f6098,VIGOR MIX COLORBALL MRGO 165G,40,6.5
14,f2141,VIG BEBIDA DE MACA 200ML,50,2.99
15,f838,VIG BEBIDA DE UVA 200ML,50,2.99
16,f1484,VIG BEBIDA DE MORANGO 200ML,50,2.99
17,f1831,VIG BEBIDA DE LARANJA 200ML,50,2.99
18,f1328,AVIACAO MANTEIGA TB S/SAL 200G,40,13.5
19,f1483,VIG BEBIDA DE MARACUJA 200ML,50,2.99
20,f594,VIGOR RALADO PARMESAO 5X50G,50,6.50
0,f3056,CHOC MMS MINI TUBO 12X30G MMS,50,3.99
1,f3680,CHOC MMS AMENDOIM 18X45G,50,4.2
2,f72650,CHOC MMS CRISPY 18X35G,50,4.2
3,f72213,ACUCAR CRISTAL CARAVELAS 10X1KG,50,5.99
4,f7647,AGUA DE COCO KEROCOCO 27X200 ML,50,2.99
5,f6816,CR DENT SORRISO LIMPEZA COMPL L12P9 70G,50,2.99
6,f1636,AMAC ROUPA CONC DOWNY BRISA VERAO 12X500,50,11.99
7,f1384,FILTRO PAPEL 3CORACOES 103 C/30 40X1,50,4.5
8,f1374,ADOC LIQ ZEROCAL CICLA 12X100,50,5.99
9,f72632,CAFE VACUO TRADICIONAL 3CORACOES 20X500G,50,20.99
10,f427,DESINF PINHO SOL ORIGINAL 12X500ML,50,5.99
11,f4188,DESINF PINHO SOL LAVANDA 12X500ML,50,5.99
12,f1614,CAFE VACUO TRADICIONAL MELITTA 20X500G,50,22.99
